{"schemaVersion":"1.0","appDefinitionTemplate":{"id":"/providers/Microsoft.PowerApps/apps/","type":"Microsoft.PowerApps/apps","tags":{"minimumRequiredApiVersion":"2.2.0"},"properties":{"appVersion":"2018-08-23T10:55:07Z","lifeCycleId":"Published","createdByClientVersion":{"major":3,"minor":18081,"build":22,"revision":0,"majorRevision":0,"minorRevision":0},"minClientVersion":{"major":3,"minor":18081,"build":22,"revision":0,"majorRevision":0,"minorRevision":0},"backgroundColor":"rgba(76, 74, 72, 1)","backgroundImageUri":"/8204268639724889053/Nd39039cb-5d71-4e57-81c7-f5883cac4bef-logoSmallFile","displayName":"Hargrave Student Attendance System","description":"With the new Hargrave Student Attendance System, students can check in and out via a kiosk using their pin number. This system replaces the original \"kiosk\" Hargrave was utilizing.","appUris":{"documentUri":{"value":"/8204268639724889053/N4cfeabcd-98e6-43bc-a861-7b57c039d509-document.msapp","readonlyValue":"/8204268639724889053/N4cfeabcd-98e6-43bc-a861-7b57c039d509-document.msapp"},"imageUris":[]},"createdTime":"0001-01-01T00:00:00Z","lastModifiedTime":"0001-01-01T00:00:00Z","sharedGroupsCount":0,"sharedUsersCount":0,"icons":{"smallIconUri":"/8204268639724889053/N77652c38-8b7c-44ef-9ee7-07ac95284563-small.png","mediumIconUri":"/8204268639724889053/N482c3ffb-5187-4ba8-b892-29069ddde43e-medium.png","largeIconUri":"/8204268639724889053/N68b0ba7b-3ea4-45bf-8bf0-2e183d982abe-large.png","wideIconUri":"/8204268639724889053/Na17aaeff-d703-4c6f-a9b4-b76fba9e6e10-wide.png"},"connectionReferences":{"6f72918a-7921-fa64-14bf-78187ad1b172":{"id":"14eb78ed-aace-4fce-bc7e-46fd158a30e6","displayName":"Office 365 Users","iconUri":"https://connectoricons-prod.azureedge.net/office365users/icon_1.0.1002.1175.png","dataSources":["Office365Users"],"dependencies":[],"dependents":[],"parameterHints":{},"isOnPremiseConnection":false,"bypassConsent":false,"dataSets":{},"apiTier":"Standard"},"5b299fc6-efd8-9075-37f6-c042625b3402":{"id":"9d5a79fb-a1a9-4ffb-85cd-f3a504f7879a","displayName":"Office 365 Outlook","iconUri":"https://connectoricons-prod.azureedge.net/office365/icon_1.0.1008.1183.png","dataSources":["Office365"],"dependencies":[],"dependents":[],"parameterHints":{},"isOnPremiseConnection":false,"bypassConsent":false,"dataSets":{},"apiTier":"Standard"},"ef08127e-b71f-431e-a4d2-2134d0d97dbf":{"id":"7c4c5c16-5a08-4530-93d3-f4e7b0fffc99","displayName":"Excel","iconUri":"https://connectoricons-prod.azureedge.net/excel/icon_1.0.1018.1190.png","dataSources":["Leave","Holidays","Balance"],"dependencies":["2da9d373-0a71-4a91-a057-ad9ce9639373"],"dependents":[],"parameterHints":{"2da9d373-0a71-4a91-a057-ad9ce9639373":{"value":"fileSource"}},"isOnPremiseConnection":false,"bypassConsent":false,"dataSets":{},"apiTier":"Standard"},"2da9d373-0a71-4a91-a057-ad9ce9639373":{"id":"73ef5cd4-9d12-4b7b-af52-38e2f65f9e13","displayName":"Google Drive","iconUri":"https://connectoricons-prod.azureedge.net/googledrive/icon_1.0.1002.1175.png","dataSources":[],"dependencies":[],"dependents":["ef08127e-b71f-431e-a4d2-2134d0d97dbf"],"parameterHints":{},"isOnPremiseConnection":false,"bypassConsent":false,"dataSets":{},"apiTier":"Standard"},"7790b51d-f9e2-42a2-9a10-ec932a48352d":{"id":"96229297-275d-477e-a39a-f1e4f6c27667","displayName":"Google Sheets","iconUri":"https://connectoricons-prod.azureedge.net/googlesheet/icon_1.0.1022.1205.png","dataSources":["Check-In","Check-In_1","Check-Out","Bravo Check-In","Bravo Check-In_1","Bravo Check-Out","Bravo Check-Out_1","Alpha Check-In","Delta Check-In"],"dependencies":[],"dependents":[],"parameterHints":{},"isOnPremiseConnection":false,"bypassConsent":false,"dataSets":{"1BpXLduhbCZE2xPl32zwf_vWirYShjEtNVj8QolcyDK4":{"dataSources":{"Check-In":{"tableName":"0"},"Check-In_1":{"tableName":"0"},"Check-Out":{"tableName":"451997910"},"Bravo Check-In":{"tableName":"1412870222"},"Bravo Check-In_1":{"tableName":"1412870222"},"Bravo Check-Out":{"tableName":"315518467"},"Bravo Check-Out_1":{"tableName":"315518467"},"Alpha Check-In":{"tableName":"620607921"},"Delta Check-In":{"tableName":"1522352326"}}}},"apiTier":"Standard"},"2c2eca0d-d6b6-4eb2-809c-846fb092f320":{"id":"96229297-275d-477e-a39a-f1e4f6c27667","displayName":"Google Sheets","iconUri":"https://connectoricons-prod.azureedge.net/googlesheet/icon_1.0.1022.1205.png","dataSources":["Alpha Check-Out","Delta Check-Out"],"dependencies":[],"dependents":[],"parameterHints":{},"isOnPremiseConnection":false,"bypassConsent":false,"dataSets":{"1BpXLduhbCZE2xPl32zwf_vWirYShjEtNVj8QolcyDK4":{"dataSources":{"Alpha Check-Out":{"tableName":"943919905"},"Delta Check-Out":{"tableName":"925349380"}}}},"apiTier":"Standard"}}}}}